SaleID, ProductID, CustomerID, SalesDate, Quantity, SaleAmount
1, 297, 820, 2024-11-19, 26, 4635
2, 87, 201, 2024-10-22, 97, 5620
3, 444, 5, 2024-10-23, 14, 457
4, 633, 720, 2024-03-08, 96, 2882
5, 389, 645, 2024-10-23, 74, 3338
6, 843, 502, 2024-08-12, 64, 8478
7, 160, 141, 2024-01-15, 33, 2741
8, 883, 203, 2024-01-25, 33, 2224
9, 828, 373, 2024-08-09, 35, 6722
10, 152, 526, 2024-01-26, 35, 6516
11, 222, 928, 2024-06-01, 30, 7927
12, 177, 485, 2024-02-14, 47, 9795
13, 752, 740, 2024-04-11, 11, 168
14, 402, 537, 2024-08-27, 84, 5632
15, 922, 894, 2024-03-13, 84, 4000
16, 759, 161, 2024-01-16, 43, 6853
17, 382, 884, 2024-02-05, 19, 6590
18, 734, 455, 2024-06-10, 16, 7936
19, 656, 744, 2024-03-17, 20, 5909
20, 168, 38, 2024-11-03, 54, 8162
21, 568, 425, 2024-03-19, 52, 8727
22, 718, 358, 2024-04-08, 76, 6652
23, 11, 657, 2024-07-15, 42, 8418
24, 421, 538, 2024-03-21, 97, 2256
25, 440, 896, 2024-11-07, 11, 7217
26, 136, 848, 2024-06-15, 7, 4082
27, 923, 728, 2024-02-22, 92, 6431
28, 844, 23, 2024-03-20, 53, 7425
29, 3, 545, 2024-01-16, 62, 6863
30, 63, 192, 2024-03-15, 14, 782
31, 972, 599, 2024-02-04, 26, 6121
32, 655, 73, 2024-07-19, 22, 2884
33, 235, 928, 2024-08-06, 57, 468
34, 197, 142, 2024-11-27, 99, 4728
35, 411, 850, 2024-03-21, 17, 7425
36, 615, 32, 2024-11-01, 95, 2744
37, 559, 171, 2024-05-18, 88, 6653
38, 615, 517, 2024-11-07, 37, 2705
39, 269, 782, 2024-09-03, 84, 1886
40, 53, 959, 2024-10-15, 93, 9372
41, 785, 433, 2024-08-25, 36, 768
42, 441, 754, 2024-07-04, 67, 9280
43, 338, 562, 2024-05-09, 44, 4438
44, 770, 277, 2024-03-22, 53, 5776
45, 335, 53, 2024-02-01, 52, 3097
46, 91, 817, 2024-06-17, 73, 7339
47, 915, 364, 2024-11-02, 95, 2289
48, 987, 358, 2024-11-12, 41, 210
49, 368, 7, 2024-05-26, 21, 589
50, 2, 769, 2024-09-26, 16, 3560
51, 28, 710, 2024-06-14, 10, 5376
52, 797, 468, 2024-04-09, 93, 7445
53, 167, 539, 2024-07-22, 73, 3501
54, 866, 418, 2024-09-26, 3, 1055
55, 5, 791, 2024-02-16, 3, 8399
56, 579, 550, 2024-01-20, 96, 5687
57, 661, 926, 2024-01-17, 68, 4646
58, 908, 413, 2024-04-03, 32, 4902
59, 76, 580, 2024-04-23, 65, 1658
60, 999, 519, 2024-07-25, 77, 5460
61, 974, 287, 2024-01-12, 6, 7494
62, 248, 384, 2024-03-08, 54, 2230
63, 549, 445, 2024-03-17, 60, 7397
64, 845, 15, 2024-05-01, 39, 6357
65, 524, 513, 2024-07-06, 59, 5939
66, 56, 581, 2024-09-21, 2, 3673
67, 95, 48, 2024-02-12, 28, 7979
68, 749, 299, 2024-04-01, 79, 4488
69, 81, 198, 2024-09-14, 50, 5973
70, 803, 998, 2024-01-02, 34, 5933
71, 666, 715, 2024-02-02, 7, 8931
72, 507, 211, 2024-07-15, 95, 1919
73, 173, 497, 2024-07-10, 98, 5888
74, 631, 844, 2024-08-17, 51, 6738
75, 462, 988, 2024-08-12, 7, 3466
76, 634, 500, 2024-06-08, 32, 4537
77, 808, 767, 2024-07-18, 32, 4216
78, 117, 599, 2024-08-19, 81, 5541
79, 232, 201, 2024-02-12, 67, 7849
80, 755, 421, 2024-11-24, 37, 7456
81, 743, 257, 2024-06-15, 61, 9700
82, 567, 743, 2024-02-03, 14, 345
83, 524, 835, 2024-03-21, 78, 3837
84, 630, 544, 2024-03-12, 12, 8334
85, 402, 225, 2024-11-22, 30, 1306
86, 502, 604, 2024-09-08, 8, 4623
87, 951, 52, 2024-03-17, 53, 6704
88, 432, 427, 2024-03-27, 46, 6414
89, 583, 511, 2024-07-09, 33, 6254
90, 989, 393, 2024-08-13, 81, 3979
91, 756, 4, 2024-03-22, 30, 7059
92, 137, 247, 2024-08-05, 22, 4814
93, 975, 948, 2024-06-23, 71, 6710
94, 911, 986, 2024-06-14, 75, 8502
95, 8, 664, 2024-09-20, 38, 2279
96, 422, 563, 2024-10-22, 34, 9958
97, 599, 942, 2024-10-09, 71, 2261
98, 417, 783, 2024-05-17, 82, 7292
99, 790, 267, 2024-04-01, 59, 7108
100, 449, 675, 2024-07-01, 42, 8918
101, 631, 118, 2024-08-16, 24, 1726
102, 620, 53, 2024-10-14, 39, 1802
103, 158, 513, 2024-01-05, 49, 1209
104, 221, 468, 2024-01-14, 43, 3970
105, 999, 150, 2024-08-09, 78, 5963
106, 354, 740, 2024-08-22, 52, 5041
107, 835, 777, 2024-01-02, 94, 9915
108, 799, 728, 2024-08-21, 20, 6551
109, 274, 351, 2024-06-03, 58, 9417
110, 787, 162, 2024-03-19, 61, 4846
111, 874, 807, 2024-10-04, 19, 1435
112, 529, 535, 2024-07-27, 25, 2128
113, 180, 995, 2024-04-27, 96, 8127
114, 442, 586, 2024-01-20, 78, 511
115, 873, 521, 2024-01-09, 34, 451
116, 107, 509, 2024-06-19, 76, 9979
117, 680, 999, 2024-10-20, 36, 9599
118, 379, 76, 2024-05-08, 12, 7434
119, 624, 308, 2024-07-19, 93, 9264
120, 218, 380, 2024-11-01, 26, 3480
121, 92, 818, 2024-09-11, 81, 498
122, 556, 75, 2024-10-24, 57, 2705
123, 220, 754, 2024-11-21, 79, 5149
124, 563, 926, 2024-11-17, 22, 9027
125, 804, 529, 2024-06-17, 10, 9485
126, 246, 660, 2024-05-14, 48, 2716
127, 443, 421, 2024-02-03, 8, 7808
128, 881, 586, 2024-09-01, 86, 239
129, 133, 480, 2024-06-09, 54, 8951
130, 352, 898, 2024-06-23, 60, 351
131, 524, 535, 2024-01-15, 2, 9179
132, 970, 18, 2024-04-03, 75, 9791
133, 550, 152, 2024-11-02, 63, 973
134, 569, 332, 2024-09-16, 8, 7969
135, 209, 657, 2024-08-04, 61, 7372
136, 822, 982, 2024-07-23, 22, 5214
137, 572, 404, 2024-08-06, 7, 3638
138, 645, 200, 2024-11-13, 71, 657
139, 516, 183, 2024-06-25, 35, 1289
140, 292, 496, 2024-07-11, 52, 4511
141, 480, 587, 2024-10-16, 89, 454
142, 775, 951, 2024-09-23, 12, 3339
143, 7, 710, 2024-10-20, 80, 2326
144, 593, 569, 2024-09-22, 14, 5707
145, 351, 754, 2024-04-21, 51, 7824
146, 402, 197, 2024-01-15, 15, 7283
147, 866, 28, 2024-07-15, 25, 7899
148, 155, 586, 2024-06-11, 84, 8845
149, 525, 197, 2024-08-19, 8, 8723
150, 746, 493, 2024-07-22, 11, 9444
151, 704, 766, 2024-10-05, 63, 3419
152, 985, 552, 2024-07-18, 89, 4271
153, 14, 690, 2024-05-14, 48, 3705
154, 475, 398, 2024-02-27, 12, 9493
155, 25, 670, 2024-07-09, 50, 1168
156, 233, 749, 2024-03-08, 62, 2752
157, 871, 852, 2024-06-02, 16, 6144
158, 272, 990, 2024-05-08, 54, 4003
159, 370, 947, 2024-11-08, 4, 8952
160, 366, 163, 2024-02-26, 23, 3881
161, 434, 884, 2024-03-26, 23, 2594
162, 407, 267, 2024-07-20, 27, 4324
163, 951, 707, 2024-10-25, 54, 8719
164, 611, 745, 2024-03-07, 50, 8291
165, 486, 195, 2024-11-06, 53, 4765
166, 421, 123, 2024-07-15, 84, 4960
167, 618, 843, 2024-10-06, 22, 8631
168, 213, 73, 2024-10-01, 9, 913
169, 612, 50, 2024-06-18, 47, 1902
170, 641, 349, 2024-07-25, 19, 1454
171, 194, 256, 2024-09-03, 88, 9163
172, 306, 506, 2024-01-07, 28, 4026
173, 369, 29, 2024-06-20, 36, 201
174, 912, 511, 2024-07-17, 67, 167
175, 407, 556, 2024-01-16, 34, 5225
176, 842, 76, 2024-11-03, 26, 6968
177, 569, 89, 2024-06-18, 22, 174
178, 564, 116, 2024-09-12, 74, 2464
179, 327, 907, 2024-02-04, 23, 2407
180, 813, 868, 2024-11-25, 21, 7584
181, 109, 210, 2024-10-06, 4, 4481
182, 599, 175, 2024-05-05, 23, 1565
183, 519, 581, 2024-03-12, 94, 9111
184, 555, 294, 2024-04-04, 79, 7270
185, 771, 737, 2024-10-06, 77, 5464
186, 286, 940, 2024-10-21, 58, 5585
187, 442, 665, 2024-09-01, 10, 3271
188, 821, 97, 2024-10-08, 36, 9358
189, 315, 553, 2024-10-06, 10, 3035
190, 42, 688, 2024-06-03, 26, 9556
191, 694, 886, 2024-10-20, 71, 6619
192, 591, 955, 2024-07-07, 83, 7951
193, 630, 533, 2024-04-01, 78, 3000
194, 188, 309, 2024-03-07, 36, 4494
195, 383, 980, 2024-03-01, 17, 6064
196, 670, 529, 2024-04-10, 15, 365
197, 805, 788, 2024-11-26, 41, 519
198, 369, 89, 2024-11-04, 89, 8095
199, 243, 637, 2024-04-13, 23, 3608
200, 815, 290, 2024-11-05, 41, 3275
201, 28, 898, 2024-04-22, 82, 2664
202, 885, 389, 2024-09-13, 13, 5856
203, 510, 153, 2024-04-03, 85, 9833
204, 332, 721, 2024-08-18, 67, 820
205, 805, 250, 2024-06-26, 71, 3866
206, 829, 911, 2024-10-24, 71, 8123
207, 602, 666, 2024-03-12, 94, 3836
208, 447, 737, 2024-08-12, 87, 5753
209, 445, 452, 2024-07-15, 26, 6268
210, 753, 764, 2024-03-08, 62, 7479
211, 727, 359, 2024-09-25, 27, 3436
212, 117, 220, 2024-02-02, 15, 9719
213, 355, 527, 2024-10-15, 37, 6150
214, 74, 271, 2024-11-10, 27, 2479
215, 527, 277, 2024-03-25, 90, 9324
216, 35, 918, 2024-06-24, 40, 1922
217, 93, 195, 2024-09-03, 7, 7013
218, 668, 872, 2024-01-05, 85, 4009
219, 42, 634, 2024-09-06, 88, 1914
220, 926, 841, 2024-09-21, 81, 5903
221, 677, 883, 2024-04-12, 60, 6901
222, 24, 974, 2024-05-03, 93, 8367
223, 581, 801, 2024-06-25, 72, 8715
224, 851, 835, 2024-07-16, 71, 8723
225, 177, 460, 2024-05-22, 86, 7876
226, 286, 345, 2024-09-26, 63, 9500
227, 804, 443, 2024-04-04, 83, 7477
228, 482, 721, 2024-07-04, 36, 1602
229, 407, 703, 2024-08-21, 81, 7732
230, 141, 639, 2024-06-15, 75, 7527
231, 523, 372, 2024-09-27, 52, 6077
232, 708, 692, 2024-03-21, 92, 6921
233, 658, 904, 2024-11-05, 1, 8577
234, 398, 226, 2024-03-23, 11, 5235
235, 95, 636, 2024-10-19, 55, 7140
236, 128, 813, 2024-10-19, 77, 1344
237, 862, 44, 2024-07-15, 14, 6702
238, 642, 546, 2024-11-18, 73, 301
239, 406, 944, 2024-05-12, 23, 9694
240, 149, 816, 2024-02-24, 18, 7333
241, 691, 927, 2024-08-05, 88, 6181
242, 372, 868, 2024-11-04, 89, 3094
243, 490, 942, 2024-08-12, 77, 525
244, 130, 796, 2024-10-21, 22, 3988
245, 142, 223, 2024-06-02, 74, 6510
246, 699, 95, 2024-04-01, 89, 1215
247, 435, 764, 2024-10-08, 80, 5998
248, 302, 398, 2024-01-13, 95, 4387
249, 378, 322, 2024-06-11, 85, 1347
250, 151, 172, 2024-09-17, 33, 8838
251, 282, 408, 2024-10-20, 31, 9343
252, 776, 804, 2024-01-15, 14, 9349
253, 328, 676, 2024-04-20, 28, 6613
254, 572, 125, 2024-07-18, 74, 9207
255, 183, 456, 2024-07-20, 4, 406
256, 16, 265, 2024-04-16, 66, 4339
257, 395, 32, 2024-08-11, 45, 3477
258, 314, 559, 2024-09-11, 66, 4982
259, 98, 605, 2024-07-12, 49, 8912
260, 515, 750, 2024-01-06, 97, 8657
261, 65, 824, 2024-01-12, 32, 3276
262, 844, 333, 2024-02-11, 16, 3065
263, 138, 208, 2024-06-26, 95, 7550
264, 295, 647, 2024-10-11, 62, 484
265, 238, 595, 2024-04-21, 59, 9201
266, 890, 511, 2024-10-02, 62, 9378
267, 630, 879, 2024-07-01, 49, 6061
268, 226, 295, 2024-02-21, 91, 7047
269, 714, 696, 2024-09-22, 84, 1827
270, 923, 587, 2024-02-03, 45, 4105
271, 472, 408, 2024-01-06, 41, 9355
272, 467, 363, 2024-04-10, 2, 4437
273, 991, 146, 2024-02-23, 49, 7753
274, 415, 532, 2024-02-27, 94, 5817
275, 390, 69, 2024-10-03, 81, 8867
276, 298, 819, 2024-11-02, 97, 5823
277, 93, 916, 2024-11-03, 14, 9618
278, 454, 165, 2024-03-20, 89, 8140
279, 257, 449, 2024-10-13, 91, 2592
280, 243, 972, 2024-01-08, 42, 1379
281, 211, 669, 2024-03-26, 94, 1857
282, 809, 206, 2024-06-08, 90, 8766
283, 554, 970, 2024-02-19, 76, 3782
284, 163, 895, 2024-07-18, 2, 2292
285, 460, 937, 2024-02-08, 94, 4315
286, 421, 185, 2024-04-12, 88, 6979
287, 719, 967, 2024-05-03, 37, 1072
288, 745, 857, 2024-10-21, 25, 8106
289, 115, 100, 2024-11-12, 29, 3366
290, 617, 271, 2024-08-16, 8, 1631
291, 81, 529, 2024-04-17, 81, 4878
292, 119, 598, 2024-11-10, 29, 6202
293, 310, 267, 2024-09-16, 69, 5959
294, 375, 439, 2024-08-05, 43, 5842
295, 408, 191, 2024-11-08, 24, 7646
296, 631, 455, 2024-04-15, 72, 9777
297, 503, 128, 2024-01-07, 65, 6222
298, 127, 248, 2024-03-13, 99, 3951
299, 662, 244, 2024-05-23, 87, 9130
300, 164, 436, 2024-03-09, 43, 9532
301, 658, 927, 2024-01-27, 25, 5749
302, 980, 317, 2024-08-25, 72, 7876
303, 372, 607, 2024-03-18, 57, 3586
304, 709, 662, 2024-05-09, 58, 8144
305, 112, 494, 2024-06-25, 25, 4582
306, 893, 571, 2024-03-01, 57, 3315
307, 835, 836, 2024-01-16, 37, 9334
308, 37, 990, 2024-04-11, 11, 9016
309, 383, 504, 2024-08-01, 52, 2570
310, 553, 224, 2024-09-06, 56, 2537
311, 824, 84, 2024-10-09, 54, 805
312, 500, 370, 2024-01-18, 16, 6233
313, 129, 955, 2024-04-06, 28, 9727
314, 97, 176, 2024-05-25, 43, 1775
315, 273, 403, 2024-11-25, 70, 7589
316, 670, 690, 2024-04-20, 24, 5248
317, 230, 214, 2024-01-18, 73, 2814
318, 213, 904, 2024-09-24, 10, 6963
319, 531, 450, 2024-07-23, 47, 3158
320, 268, 171, 2024-05-15, 3, 5562
321, 657, 784, 2024-04-24, 88, 3839
322, 475, 112, 2024-01-18, 65, 602
323, 527, 774, 2024-08-10, 75, 5699
324, 405, 146, 2024-07-04, 49, 1671
325, 841, 807, 2024-01-12, 59, 3210
326, 784, 121, 2024-06-11, 12, 8229
327, 124, 584, 2024-11-04, 46, 4095
328, 789, 315, 2024-04-10, 94, 3174
329, 958, 876, 2024-02-02, 35, 1764
330, 807, 925, 2024-01-24, 27, 6255
331, 451, 363, 2024-04-15, 14, 7959
332, 890, 598, 2024-07-26, 56, 5431
333, 274, 305, 2024-05-14, 78, 3456
334, 646, 617, 2024-10-11, 79, 9412
335, 312, 930, 2024-11-06, 45, 2298
336, 37, 144, 2024-01-04, 37, 4212
337, 696, 703, 2024-02-16, 69, 6663
338, 970, 214, 2024-04-03, 38, 6086
339, 175, 223, 2024-11-23, 52, 483
340, 660, 87, 2024-09-24, 75, 638
341, 208, 325, 2024-02-01, 49, 8641
342, 252, 447, 2024-08-23, 91, 912
343, 544, 825, 2024-03-14, 75, 1663
344, 882, 956, 2024-10-18, 66, 1019
345, 603, 17, 2024-08-16, 43, 3567
346, 521, 823, 2024-01-13, 67, 1930
347, 714, 421, 2024-04-19, 97, 8609
348, 159, 832, 2024-11-23, 81, 4825
349, 625, 320, 2024-07-27, 50, 1679
350, 414, 265, 2024-07-03, 89, 2024
351, 847, 809, 2024-05-04, 41, 451
352, 483, 808, 2024-05-21, 98, 8495
353, 854, 831, 2024-04-09, 9, 202
354, 657, 498, 2024-07-27, 46, 1964
355, 222, 731, 2024-04-09, 14, 3080
356, 234, 352, 2024-08-02, 81, 7634
357, 746, 19, 2024-11-21, 20, 7461
358, 273, 658, 2024-05-14, 70, 1974
359, 702, 443, 2024-02-18, 43, 188
360, 865, 996, 2024-07-04, 39, 8941
361, 214, 354, 2024-01-14, 72, 5969
362, 292, 315, 2024-03-22, 29, 3600
363, 950, 858, 2024-03-26, 51, 126
364, 283, 237, 2024-08-04, 25, 2055
365, 535, 999, 2024-02-06, 38, 5399
366, 367, 245, 2024-04-23, 9, 1992
367, 526, 833, 2024-09-16, 67, 8774
368, 500, 81, 2024-03-06, 47, 3855
369, 381, 632, 2024-09-05, 70, 6308
370, 269, 666, 2024-07-10, 74, 2051
371, 839, 373, 2024-09-27, 87, 8215
372, 452, 370, 2024-01-27, 70, 452
373, 7, 765, 2024-08-21, 73, 9142
374, 782, 719, 2024-09-06, 68, 7645
375, 16, 597, 2024-01-04, 6, 7720
376, 287, 570, 2024-09-02, 58, 5892
377, 671, 978, 2024-02-22, 11, 6240
378, 857, 380, 2024-05-11, 77, 3028
379, 520, 202, 2024-03-22, 25, 5853
380, 294, 537, 2024-10-09, 45, 5117
381, 228, 338, 2024-07-15, 57, 7993
382, 262, 373, 2024-09-24, 39, 2174
383, 569, 983, 2024-07-05, 64, 4029
384, 585, 812, 2024-10-03, 98, 6984
385, 367, 107, 2024-04-27, 38, 3068
386, 426, 591, 2024-09-14, 59, 9196
387, 49, 343, 2024-05-12, 61, 3149
388, 867, 339, 2024-04-17, 65, 6642
389, 357, 656, 2024-02-04, 39, 5691
390, 53, 639, 2024-05-11, 45, 2338
391, 405, 485, 2024-05-05, 64, 9369
392, 78, 963, 2024-10-17, 95, 8005
393, 295, 998, 2024-03-18, 12, 763
394, 379, 564, 2024-03-02, 23, 9023
395, 688, 138, 2024-07-15, 47, 3031
396, 299, 420, 2024-06-03, 46, 3920
397, 877, 355, 2024-10-05, 32, 7163
398, 494, 601, 2024-11-18, 69, 5790
399, 635, 40, 2024-05-16, 93, 1009
400, 287, 181, 2024-06-24, 81, 135
401, 869, 252, 2024-03-25, 34, 1623
402, 43, 496, 2024-11-16, 26, 6068
403, 362, 590, 2024-06-11, 14, 7299
404, 832, 823, 2024-06-14, 62, 3372
405, 535, 193, 2024-01-04, 68, 6699
406, 981, 428, 2024-06-11, 1, 5616
407, 196, 714, 2024-03-15, 67, 165
408, 732, 705, 2024-10-13, 36, 5654
409, 290, 878, 2024-11-23, 90, 6727
410, 384, 650, 2024-06-26, 42, 3934
411, 523, 757, 2024-10-10, 84, 9120
412, 919, 20, 2024-10-13, 35, 850
413, 397, 382, 2024-07-23, 61, 2589
414, 647, 463, 2024-01-07, 46, 5970
415, 858, 619, 2024-07-02, 92, 6129
416, 673, 962, 2024-03-21, 96, 535
417, 38, 246, 2024-11-13, 77, 4169
418, 559, 596, 2024-07-19, 30, 3086
419, 393, 248, 2024-01-09, 16, 5409
420, 678, 888, 2024-08-22, 21, 483
421, 798, 834, 2024-01-15, 79, 5611
422, 168, 335, 2024-02-09, 71, 2312
423, 872, 982, 2024-11-22, 2, 870
424, 678, 48, 2024-06-16, 31, 5725
425, 523, 717, 2024-04-21, 89, 5274
426, 341, 898, 2024-07-14, 34, 3978
427, 202, 634, 2024-04-01, 27, 6338
428, 942, 916, 2024-05-04, 40, 7361
429, 638, 117, 2024-08-25, 43, 155
430, 378, 564, 2024-07-14, 68, 9599
431, 834, 795, 2024-11-10, 11, 9827
432, 772, 400, 2024-06-09, 1, 3283
433, 830, 535, 2024-02-13, 20, 6572
434, 74, 161, 2024-10-16, 10, 8028
435, 483, 359, 2024-03-15, 91, 6819
436, 103, 956, 2024-11-21, 60, 3168
437, 258, 592, 2024-09-23, 54, 9192
438, 542, 463, 2024-09-24, 3, 3868
439, 433, 994, 2024-02-06, 70, 7674
440, 575, 193, 2024-08-26, 68, 9534
441, 936, 64, 2024-04-27, 73, 3283
442, 169, 174, 2024-09-01, 39, 4545
443, 863, 915, 2024-08-16, 83, 856
444, 962, 888, 2024-07-04, 57, 3945
445, 314, 490, 2024-01-12, 54, 9642
446, 516, 128, 2024-11-06, 97, 599
447, 455, 83, 2024-11-13, 58, 9541
448, 606, 398, 2024-01-09, 18, 190
449, 928, 835, 2024-07-15, 33, 3518
450, 22, 871, 2024-01-22, 74, 8005
451, 212, 869, 2024-04-07, 81, 5615
452, 565, 1, 2024-06-01, 98, 6117
453, 607, 147, 2024-11-06, 40, 7897
454, 515, 727, 2024-05-01, 62, 8020
455, 33, 206, 2024-02-23, 17, 6954
456, 727, 663, 2024-05-24, 32, 9893
457, 523, 829, 2024-10-23, 31, 1630
458, 889, 891, 2024-02-24, 35, 9837
459, 94, 857, 2024-05-05, 30, 3122
460, 233, 999, 2024-03-22, 50, 3210
461, 165, 465, 2024-06-10, 31, 984
462, 915, 307, 2024-09-03, 37, 4569
463, 636, 952, 2024-08-26, 67, 9041
464, 615, 80, 2024-08-21, 9, 5209
465, 777, 211, 2024-03-08, 44, 9321
466, 42, 907, 2024-08-25, 67, 1683
467, 364, 291, 2024-04-09, 12, 1642
468, 311, 70, 2024-10-15, 12, 9303
469, 568, 680, 2024-07-12, 78, 1057
470, 713, 40, 2024-04-09, 62, 8095
471, 555, 13, 2024-02-05, 54, 349
472, 179, 361, 2024-10-13, 64, 2066
473, 349, 40, 2024-05-12, 93, 9503
474, 356, 849, 2024-07-18, 35, 8191
475, 965, 845, 2024-04-18, 97, 1788
476, 668, 837, 2024-08-18, 98, 911
477, 952, 286, 2024-02-20, 63, 901
478, 261, 451, 2024-11-22, 10, 7478
479, 390, 303, 2024-04-11, 30, 1259
480, 425, 395, 2024-05-13, 96, 7140
481, 23, 735, 2024-06-27, 55, 5539
482, 557, 678, 2024-08-16, 52, 9024
483, 193, 788, 2024-06-19, 57, 7339
484, 216, 396, 2024-05-02, 36, 967
485, 852, 834, 2024-11-26, 7, 5023
486, 675, 944, 2024-05-22, 13, 4296
487, 616, 588, 2024-03-01, 92, 9200
488, 467, 93, 2024-09-16, 57, 5003
489, 918, 428, 2024-09-02, 94, 4546
490, 404, 448, 2024-09-09, 28, 3669
491, 30, 2, 2024-01-01, 85, 4404
492, 217, 307, 2024-05-22, 13, 3074
493, 365, 719, 2024-08-05, 36, 2717
494, 861, 207, 2024-04-13, 62, 6255
495, 997, 622, 2024-10-17, 63, 2269
496, 305, 407, 2024-04-22, 9, 2482
497, 390, 217, 2024-03-15, 50, 7725
498, 527, 129, 2024-09-27, 69, 7195
499, 931, 752, 2024-06-01, 66, 7089
500, 460, 364, 2024-10-22, 89, 882
501, 827, 168, 2024-06-10, 89, 2174
502, 839, 507, 2024-01-14, 63, 6215
503, 275, 434, 2024-09-18, 56, 2775
504, 618, 449, 2024-01-20, 75, 8397
505, 994, 187, 2024-11-14, 10, 211
506, 842, 221, 2024-03-06, 62, 4349
507, 501, 298, 2024-07-09, 33, 9260
508, 527, 492, 2024-08-20, 18, 775
509, 515, 879, 2024-10-13, 72, 1462
510, 724, 735, 2024-07-10, 22, 2976
511, 749, 836, 2024-09-04, 84, 7403
512, 518, 424, 2024-09-11, 55, 3985
513, 950, 807, 2024-09-22, 6, 1774
514, 11, 983, 2024-06-13, 63, 9883
515, 590, 795, 2024-09-11, 1, 8039
516, 530, 710, 2024-04-05, 65, 1421
517, 49, 944, 2024-05-23, 8, 5004
518, 245, 636, 2024-07-12, 61, 8204
519, 653, 759, 2024-10-04, 64, 8651
520, 985, 534, 2024-01-23, 97, 9599
521, 464, 547, 2024-09-07, 41, 6900
522, 526, 870, 2024-03-19, 30, 2354
523, 290, 806, 2024-10-14, 82, 9419
524, 79, 405, 2024-06-10, 18, 2594
525, 731, 649, 2024-11-04, 92, 6033
526, 942, 863, 2024-10-20, 16, 3135
527, 819, 542, 2024-02-10, 69, 9009
528, 117, 943, 2024-04-27, 97, 6852
529, 18, 135, 2024-04-01, 79, 6175
530, 788, 387, 2024-10-16, 75, 5244
531, 704, 428, 2024-06-11, 40, 1900
532, 623, 24, 2024-02-06, 2, 1076
533, 941, 573, 2024-04-10, 16, 1426
534, 462, 795, 2024-03-15, 32, 1435
535, 555, 388, 2024-03-06, 12, 9967
536, 105, 45, 2024-06-17, 76, 8865
537, 947, 684, 2024-03-09, 35, 949
538, 826, 443, 2024-01-07, 78, 8128
539, 197, 675, 2024-08-03, 39, 3706
540, 536, 568, 2024-03-03, 93, 7644
541, 766, 598, 2024-08-18, 4, 610
542, 995, 516, 2024-05-26, 43, 4958
543, 12, 506, 2024-03-04, 46, 8370
544, 340, 782, 2024-08-18, 44, 2088
545, 622, 726, 2024-08-25, 44, 9103
546, 653, 292, 2024-02-08, 27, 4650
547, 754, 650, 2024-08-16, 47, 7975
548, 805, 481, 2024-11-10, 80, 1710
549, 963, 314, 2024-01-06, 24, 1679
550, 326, 90, 2024-11-16, 6, 8069
551, 311, 122, 2024-06-20, 65, 1824
552, 562, 497, 2024-09-08, 3, 5102
553, 911, 813, 2024-06-02, 72, 3427
554, 522, 730, 2024-11-21, 23, 7318
555, 877, 558, 2024-07-25, 40, 7836
556, 933, 757, 2024-09-27, 2, 4745
557, 401, 948, 2024-07-13, 64, 9972
558, 848, 476, 2024-08-16, 14, 3716
559, 860, 759, 2024-05-11, 11, 1238
560, 88, 909, 2024-05-25, 69, 3770
561, 747, 612, 2024-06-09, 60, 9787
562, 333, 818, 2024-11-19, 55, 4257
563, 107, 449, 2024-10-06, 34, 4476
564, 364, 919, 2024-04-04, 17, 9718
565, 654, 492, 2024-11-23, 91, 9879
566, 924, 774, 2024-09-20, 53, 2122
567, 47, 773, 2024-08-18, 63, 992
568, 300, 234, 2024-01-21, 33, 1290
569, 346, 162, 2024-11-13, 65, 5675
570, 733, 159, 2024-01-16, 24, 8849
571, 660, 931, 2024-02-12, 27, 5388
572, 49, 233, 2024-05-27, 39, 1772
573, 567, 235, 2024-06-20, 13, 8177
574, 631, 604, 2024-09-15, 33, 1638
575, 942, 494, 2024-01-08, 2, 6006
576, 512, 621, 2024-07-26, 43, 8855
577, 761, 291, 2024-03-14, 56, 6768
578, 20, 608, 2024-09-06, 44, 9821
579, 315, 946, 2024-11-20, 78, 6421
580, 156, 671, 2024-09-15, 36, 6374
581, 754, 860, 2024-08-21, 95, 5775
582, 473, 690, 2024-05-08, 96, 2451
583, 833, 793, 2024-05-24, 99, 4450
584, 150, 246, 2024-01-26, 37, 8234
585, 315, 513, 2024-04-20, 52, 6108
586, 529, 395, 2024-06-20, 26, 7073
587, 880, 38, 2024-01-17, 57, 2706
588, 906, 154, 2024-08-02, 99, 4094
589, 18, 369, 2024-02-11, 66, 4741
590, 937, 999, 2024-05-04, 61, 9567
591, 645, 617, 2024-11-22, 59, 6876
592, 483, 347, 2024-01-14, 30, 6411
593, 533, 786, 2024-10-26, 39, 5548
594, 724, 135, 2024-11-02, 81, 2240
595, 267, 568, 2024-05-24, 84, 7559
596, 733, 678, 2024-11-14, 79, 3221
597, 763, 196, 2024-03-24, 90, 2674
598, 925, 787, 2024-07-17, 19, 6422
599, 602, 382, 2024-02-26, 69, 8251
600, 925, 474, 2024-10-24, 47, 2386
601, 679, 661, 2024-03-22, 90, 5466
602, 831, 433, 2024-01-05, 74, 8284
603, 550, 587, 2024-10-22, 48, 132
604, 458, 334, 2024-05-19, 6, 7685
605, 260, 528, 2024-08-22, 89, 2814
606, 420, 94, 2024-11-27, 66, 986
607, 631, 326, 2024-07-04, 58, 4251
608, 150, 888, 2024-05-15, 71, 8615
609, 157, 6, 2024-10-12, 62, 7417
610, 322, 507, 2024-07-08, 86, 6439
611, 924, 197, 2024-02-15, 44, 1581
612, 233, 769, 2024-08-01, 25, 4402
613, 58, 67, 2024-09-19, 39, 4780
614, 776, 381, 2024-06-16, 92, 8895
615, 500, 416, 2024-02-06, 42, 1990
616, 32, 638, 2024-01-20, 57, 453
617, 968, 926, 2024-11-23, 44, 1529
618, 557, 804, 2024-11-16, 24, 6211
619, 649, 806, 2024-08-13, 53, 4316
620, 207, 594, 2024-02-23, 67, 7135
621, 163, 748, 2024-06-22, 59, 223
622, 178, 29, 2024-05-05, 63, 1992
623, 860, 391, 2024-07-25, 81, 7740
624, 427, 608, 2024-11-03, 50, 4552
625, 818, 788, 2024-04-22, 24, 543
626, 150, 203, 2024-02-12, 63, 744
627, 567, 344, 2024-03-21, 26, 3217
628, 885, 993, 2024-11-22, 70, 4651
629, 510, 668, 2024-08-03, 97, 8845
630, 344, 654, 2024-05-13, 57, 6595
631, 891, 63, 2024-08-07, 51, 2195
632, 757, 274, 2024-10-27, 6, 2171
633, 733, 197, 2024-10-12, 29, 1502
634, 788, 382, 2024-09-25, 10, 7181
635, 580, 354, 2024-08-02, 15, 8758
636, 283, 669, 2024-08-04, 65, 9300
637, 311, 637, 2024-05-17, 68, 7569
638, 744, 681, 2024-06-22, 49, 3329
639, 791, 309, 2024-09-17, 69, 2911
640, 696, 586, 2024-07-17, 20, 9719
641, 541, 131, 2024-04-21, 22, 9930
642, 925, 874, 2024-02-12, 71, 5436
643, 830, 678, 2024-03-10, 38, 5325
644, 577, 574, 2024-10-09, 1, 3556
645, 110, 368, 2024-07-20, 94, 6519
646, 941, 143, 2024-04-26, 97, 3002
647, 746, 37, 2024-03-20, 95, 8477
648, 292, 98, 2024-08-21, 8, 7770
649, 781, 358, 2024-01-20, 79, 3637
650, 832, 527, 2024-06-22, 4, 9074
651, 299, 452, 2024-06-16, 16, 5448
652, 376, 470, 2024-05-08, 83, 5459
653, 10, 958, 2024-03-24, 45, 9485
654, 257, 53, 2024-11-07, 96, 9320
655, 391, 636, 2024-08-06, 63, 1161
656, 823, 993, 2024-11-21, 29, 7016
657, 959, 642, 2024-04-22, 86, 8771
658, 763, 887, 2024-07-06, 96, 6899
659, 333, 403, 2024-11-23, 14, 4746
660, 884, 931, 2024-09-06, 71, 7433
661, 226, 118, 2024-09-27, 12, 2058
662, 939, 852, 2024-04-12, 29, 1367
663, 580, 670, 2024-08-20, 40, 2975
664, 47, 596, 2024-04-07, 46, 8977
665, 766, 861, 2024-05-19, 67, 2429
666, 601, 236, 2024-10-12, 70, 1346
667, 342, 589, 2024-07-25, 23, 598
668, 27, 43, 2024-06-21, 56, 7142
669, 257, 43, 2024-07-05, 15, 2901
670, 650, 788, 2024-02-01, 52, 1677
671, 319, 66, 2024-04-08, 75, 1748
672, 146, 23, 2024-10-27, 72, 7041
673, 473, 3, 2024-08-01, 92, 1743
674, 220, 267, 2024-01-08, 53, 387
675, 790, 835, 2024-05-02, 98, 8222
676, 372, 73, 2024-08-15, 72, 5085
677, 331, 746, 2024-02-07, 78, 9017
678, 343, 391, 2024-01-02, 15, 8076
679, 802, 285, 2024-05-15, 91, 1660
680, 302, 108, 2024-01-05, 94, 6186
681, 148, 277, 2024-09-10, 33, 3158
682, 867, 895, 2024-04-14, 27, 6790
683, 252, 34, 2024-01-16, 67, 9049
684, 992, 121, 2024-04-19, 81, 4934
685, 125, 877, 2024-09-08, 93, 9259
686, 867, 730, 2024-01-03, 59, 8429
687, 632, 155, 2024-07-07, 85, 8199
688, 964, 116, 2024-03-15, 39, 5332
689, 348, 618, 2024-10-23, 36, 6900
690, 237, 502, 2024-03-18, 53, 6719
691, 798, 417, 2024-06-10, 19, 9067
692, 458, 283, 2024-05-24, 79, 9299
693, 979, 99, 2024-08-08, 42, 7024
694, 551, 278, 2024-07-19, 38, 5119
695, 523, 535, 2024-11-12, 96, 9857
696, 384, 318, 2024-11-04, 76, 9584
697, 248, 542, 2024-07-14, 53, 9866
698, 916, 857, 2024-09-20, 41, 6150
699, 406, 962, 2024-07-21, 28, 3131
700, 282, 892, 2024-08-04, 22, 298
701, 301, 724, 2024-03-09, 27, 5128
702, 506, 966, 2024-06-09, 62, 8468
703, 257, 779, 2024-04-25, 34, 9003
704, 677, 955, 2024-05-17, 96, 9376
705, 479, 933, 2024-05-10, 20, 6488
706, 72, 988, 2024-02-17, 42, 754
707, 734, 207, 2024-01-27, 20, 4041
708, 283, 721, 2024-01-22, 43, 7250
709, 942, 234, 2024-03-18, 46, 1020
710, 713, 906, 2024-09-06, 5, 2579
711, 58, 621, 2024-11-25, 40, 6412
712, 213, 610, 2024-08-18, 62, 6620
713, 547, 69, 2024-04-17, 61, 1923
714, 319, 456, 2024-10-23, 39, 6463
715, 950, 60, 2024-08-18, 67, 9635
716, 793, 431, 2024-05-26, 65, 7864
717, 820, 697, 2024-06-06, 9, 2188
718, 30, 929, 2024-05-16, 81, 7640
719, 171, 735, 2024-08-07, 47, 1922
720, 109, 109, 2024-04-01, 4, 6186
721, 498, 692, 2024-02-20, 48, 8395
722, 928, 503, 2024-10-03, 90, 3975
723, 578, 937, 2024-01-02, 47, 7922
724, 454, 489, 2024-06-15, 69, 555
725, 227, 793, 2024-11-19, 64, 8476
726, 675, 758, 2024-01-07, 27, 2830
727, 203, 117, 2024-04-14, 44, 295
728, 163, 834, 2024-04-21, 81, 832
729, 595, 195, 2024-11-17, 36, 3536
730, 215, 707, 2024-04-18, 40, 372
731, 715, 684, 2024-03-01, 86, 4193
732, 682, 530, 2024-07-20, 88, 7051
733, 663, 359, 2024-02-17, 59, 1065
734, 219, 226, 2024-01-24, 33, 8915
735, 288, 274, 2024-01-03, 7, 1546
736, 452, 265, 2024-05-02, 75, 3231
737, 826, 173, 2024-06-03, 29, 4129
738, 458, 378, 2024-10-26, 19, 9265
739, 575, 22, 2024-09-18, 92, 7306
740, 897, 276, 2024-05-11, 87, 8179
741, 535, 434, 2024-10-21, 65, 1069
742, 466, 195, 2024-05-21, 92, 1924
743, 723, 127, 2024-08-02, 65, 4176
744, 739, 452, 2024-02-03, 53, 3101
745, 886, 389, 2024-05-10, 99, 794
746, 388, 533, 2024-11-09, 51, 5834
747, 24, 158, 2024-05-09, 34, 6573
748, 114, 214, 2024-08-04, 93, 2834
749, 692, 317, 2024-10-16, 49, 1280
750, 654, 656, 2024-09-19, 27, 9736
751, 341, 4, 2024-01-17, 20, 851
752, 290, 463, 2024-03-27, 63, 1410
753, 514, 473, 2024-04-02, 38, 3544
754, 230, 925, 2024-08-10, 89, 348
755, 658, 14, 2024-10-24, 73, 7823
756, 653, 116, 2024-04-14, 47, 9038
757, 533, 936, 2024-03-27, 66, 9138
758, 703, 602, 2024-09-13, 29, 1732
759, 23, 833, 2024-02-04, 8, 8685
760, 243, 402, 2024-07-24, 27, 4417
761, 530, 769, 2024-09-05, 38, 2683
762, 827, 977, 2024-11-05, 83, 5362
763, 808, 212, 2024-04-07, 75, 5716
764, 713, 146, 2024-11-11, 72, 5958
765, 516, 947, 2024-10-05, 86, 5825
766, 37, 7, 2024-01-08, 17, 5454
767, 729, 406, 2024-03-14, 20, 815
768, 287, 434, 2024-11-17, 49, 2485
769, 483, 729, 2024-11-14, 50, 8447
770, 440, 953, 2024-03-20, 71, 5541
771, 136, 180, 2024-04-21, 10, 4034
772, 472, 972, 2024-09-05, 15, 3876
773, 428, 321, 2024-04-03, 35, 5564
774, 232, 577, 2024-09-24, 85, 9620
775, 586, 421, 2024-01-23, 6, 8830
776, 797, 221, 2024-04-17, 58, 9140
777, 285, 718, 2024-08-19, 61, 4787
778, 112, 174, 2024-10-02, 43, 931
779, 176, 902, 2024-01-05, 49, 9256
780, 806, 966, 2024-04-22, 67, 8626
781, 963, 637, 2024-05-25, 77, 7919
782, 463, 880, 2024-05-18, 5, 9273
783, 430, 591, 2024-10-05, 57, 3566
784, 831, 361, 2024-06-14, 15, 315
785, 160, 495, 2024-02-26, 77, 1517
786, 898, 807, 2024-06-05, 62, 2917
787, 204, 331, 2024-10-14, 33, 8179
788, 945, 963, 2024-10-08, 40, 907
789, 717, 545, 2024-04-02, 29, 1978
790, 196, 980, 2024-05-10, 16, 393
791, 255, 502, 2024-01-24, 87, 3268
792, 145, 678, 2024-02-18, 53, 3412
793, 869, 999, 2024-10-19, 48, 3552
794, 494, 263, 2024-08-05, 86, 1666
795, 986, 166, 2024-01-15, 4, 4990
796, 347, 386, 2024-06-21, 78, 4261
797, 460, 404, 2024-04-22, 12, 340
798, 586, 981, 2024-10-14, 37, 5986
799, 717, 533, 2024-03-16, 3, 2288
800, 589, 669, 2024-04-11, 35, 423
801, 276, 471, 2024-08-09, 70, 9601
802, 768, 326, 2024-03-24, 61, 438
803, 984, 638, 2024-04-21, 62, 3336
804, 153, 512, 2024-08-21, 36, 1449
805, 637, 513, 2024-03-19, 47, 1184
806, 476, 861, 2024-05-27, 51, 3113
807, 388, 470, 2024-11-11, 49, 9647
808, 325, 10, 2024-08-11, 30, 8898
809, 340, 976, 2024-11-20, 39, 6805
810, 256, 586, 2024-10-20, 12, 8528
811, 523, 632, 2024-06-23, 39, 1082
812, 395, 199, 2024-11-21, 76, 6049
813, 391, 219, 2024-06-04, 41, 9288
814, 642, 121, 2024-11-08, 50, 211
815, 690, 125, 2024-07-20, 68, 1048
816, 158, 775, 2024-09-04, 82, 3554
817, 755, 913, 2024-03-12, 17, 9159
818, 780, 920, 2024-10-12, 1, 5595
819, 449, 493, 2024-09-27, 77, 5672
820, 115, 959, 2024-08-23, 87, 9453
821, 49, 179, 2024-02-04, 29, 7882
822, 912, 847, 2024-05-03, 44, 4874
823, 187, 93, 2024-10-14, 55, 7201
824, 712, 850, 2024-02-17, 73, 5765
825, 273, 393, 2024-01-04, 4, 5138
826, 170, 510, 2024-06-21, 78, 7817
827, 280, 725, 2024-06-06, 4, 1272
828, 477, 55, 2024-06-03, 65, 5667
829, 282, 336, 2024-11-19, 47, 3559
830, 808, 419, 2024-05-12, 15, 7124
831, 996, 231, 2024-09-02, 72, 6473
832, 285, 149, 2024-05-16, 80, 112
833, 835, 121, 2024-06-05, 33, 8802
834, 887, 31, 2024-02-07, 32, 3958
835, 604, 689, 2024-01-07, 82, 2528
836, 240, 911, 2024-02-24, 84, 375
837, 672, 853, 2024-01-07, 16, 3846
838, 134, 230, 2024-06-06, 77, 7922
839, 821, 787, 2024-06-24, 40, 2526
840, 42, 808, 2024-05-12, 98, 5116
841, 144, 151, 2024-04-21, 14, 735
842, 796, 816, 2024-06-27, 43, 3916
843, 468, 717, 2024-07-20, 71, 6359
844, 572, 560, 2024-02-08, 37, 1791
845, 14, 302, 2024-08-23, 31, 6976
846, 95, 596, 2024-04-27, 82, 1957
847, 364, 318, 2024-06-04, 87, 2487
848, 883, 390, 2024-01-13, 45, 9380
849, 295, 753, 2024-01-20, 43, 5469
850, 152, 289, 2024-04-03, 11, 9028
851, 327, 759, 2024-04-05, 30, 2616
852, 717, 870, 2024-08-07, 33, 7233
853, 105, 879, 2024-02-20, 14, 763
854, 552, 316, 2024-01-04, 84, 5970
855, 146, 115, 2024-08-26, 56, 2748
856, 11, 786, 2024-02-19, 66, 2483
857, 850, 567, 2024-05-25, 29, 8570
858, 956, 137, 2024-11-06, 20, 9924
859, 219, 706, 2024-10-27, 82, 2131
860, 880, 113, 2024-07-24, 61, 8883
861, 237, 350, 2024-04-21, 27, 6444
862, 972, 405, 2024-05-26, 31, 7648
863, 194, 920, 2024-05-18, 53, 5056
864, 957, 610, 2024-01-11, 87, 438
865, 190, 261, 2024-05-03, 79, 5420
866, 132, 422, 2024-11-12, 59, 6318
867, 689, 171, 2024-09-26, 79, 7691
868, 751, 428, 2024-05-19, 87, 1394
869, 929, 718, 2024-04-25, 61, 2331
870, 836, 925, 2024-05-25, 78, 3100
871, 857, 252, 2024-10-07, 93, 9364
872, 510, 927, 2024-08-07, 20, 8640
873, 421, 703, 2024-05-21, 38, 9851
874, 350, 725, 2024-08-12, 30, 6128
875, 283, 29, 2024-01-21, 6, 6708
876, 462, 781, 2024-05-06, 52, 3008
877, 332, 966, 2024-11-03, 56, 1653
878, 379, 2, 2024-11-10, 30, 5377
879, 343, 344, 2024-01-22, 81, 5388
880, 709, 797, 2024-11-20, 44, 4791
881, 32, 480, 2024-10-19, 46, 3826
882, 748, 595, 2024-03-12, 74, 7583
883, 916, 807, 2024-08-17, 83, 3633
884, 909, 763, 2024-10-23, 2, 4904
885, 757, 719, 2024-07-01, 20, 1323
886, 839, 355, 2024-01-06, 41, 2800
887, 884, 378, 2024-08-03, 77, 7098
888, 439, 149, 2024-08-03, 14, 6976
889, 441, 577, 2024-09-17, 32, 5422
890, 862, 275, 2024-02-21, 32, 7332
891, 495, 811, 2024-05-19, 78, 3879
892, 510, 691, 2024-07-14, 15, 6932
893, 807, 927, 2024-10-21, 65, 6178
894, 862, 52, 2024-04-13, 8, 9623
895, 683, 795, 2024-04-26, 87, 8998
896, 456, 392, 2024-06-10, 26, 7378
897, 243, 422, 2024-04-08, 32, 8779
898, 563, 472, 2024-03-05, 57, 9745
899, 726, 417, 2024-05-16, 60, 5040
900, 346, 730, 2024-01-13, 67, 8859
901, 809, 197, 2024-02-12, 28, 357
902, 755, 11, 2024-08-26, 17, 1007
903, 15, 470, 2024-01-25, 76, 5031
904, 895, 343, 2024-09-17, 42, 9243
905, 898, 66, 2024-05-10, 73, 7565
906, 40, 404, 2024-11-16, 57, 6939
907, 366, 543, 2024-11-01, 7, 2405
908, 642, 140, 2024-07-07, 2, 709
909, 954, 581, 2024-01-04, 23, 6000
910, 324, 376, 2024-01-16, 58, 1997
911, 214, 970, 2024-09-02, 67, 3211
912, 501, 862, 2024-11-12, 80, 7069
913, 861, 507, 2024-04-06, 97, 9435
914, 884, 81, 2024-05-18, 14, 5342
915, 635, 297, 2024-11-06, 23, 279
916, 554, 937, 2024-11-07, 47, 2696
917, 565, 163, 2024-05-05, 30, 5181
918, 710, 548, 2024-08-24, 20, 9008
919, 407, 719, 2024-04-08, 17, 8478
920, 174, 757, 2024-01-20, 10, 2342
921, 370, 783, 2024-07-17, 89, 6352
922, 753, 340, 2024-06-21, 43, 9793
923, 281, 764, 2024-01-02, 10, 8116
924, 537, 481, 2024-09-10, 22, 394
925, 523, 928, 2024-10-14, 13, 1317
926, 393, 818, 2024-10-06, 58, 6771
927, 465, 473, 2024-10-22, 84, 5788
928, 825, 147, 2024-03-15, 70, 9940
929, 815, 451, 2024-09-07, 54, 847
930, 260, 521, 2024-05-04, 49, 2193
931, 887, 244, 2024-07-20, 68, 4975
932, 695, 897, 2024-06-15, 61, 4892
933, 158, 21, 2024-04-07, 52, 8226
934, 281, 770, 2024-09-12, 96, 7206
935, 953, 10, 2024-10-05, 69, 4305
936, 791, 645, 2024-04-25, 4, 1401
937, 541, 405, 2024-11-12, 79, 3909
938, 500, 688, 2024-09-24, 85, 373
939, 785, 342, 2024-09-16, 7, 7099
940, 559, 958, 2024-07-21, 24, 4864
941, 633, 275, 2024-02-20, 30, 7755
942, 47, 790, 2024-04-19, 8, 9382
943, 764, 350, 2024-06-27, 42, 3752
944, 600, 151, 2024-09-15, 17, 3228
945, 487, 880, 2024-11-05, 30, 4807
946, 982, 998, 2024-07-19, 4, 6030
947, 309, 192, 2024-01-04, 15, 9174
948, 42, 16, 2024-11-18, 3, 8161
949, 941, 975, 2024-01-11, 68, 3564
950, 240, 493, 2024-07-27, 2, 6764
951, 27, 156, 2024-09-08, 60, 9778
952, 281, 935, 2024-08-21, 27, 768
953, 684, 368, 2024-03-15, 43, 4331
954, 935, 292, 2024-06-17, 1, 2156
955, 816, 848, 2024-09-24, 56, 2151
956, 873, 125, 2024-05-14, 44, 7309
957, 974, 730, 2024-10-25, 23, 1177
958, 787, 966, 2024-11-02, 82, 2577
959, 730, 796, 2024-01-09, 60, 4684
960, 681, 452, 2024-05-01, 9, 4166
961, 987, 533, 2024-06-16, 70, 8500
962, 751, 551, 2024-02-01, 91, 2358
963, 553, 409, 2024-05-12, 79, 7188
964, 587, 925, 2024-02-17, 64, 8186
965, 416, 994, 2024-07-10, 44, 3442
966, 747, 398, 2024-04-21, 94, 4557
967, 957, 553, 2024-09-09, 64, 8948
968, 84, 446, 2024-06-20, 47, 5897
969, 547, 332, 2024-09-10, 70, 8817
970, 963, 698, 2024-11-11, 81, 2208
971, 581, 453, 2024-02-20, 30, 9038
972, 193, 840, 2024-06-07, 88, 8044
973, 245, 743, 2024-07-26, 36, 5259
974, 157, 323, 2024-05-17, 93, 4217
975, 696, 311, 2024-06-22, 26, 2721
976, 50, 221, 2024-04-21, 17, 8410
977, 800, 444, 2024-04-13, 82, 1275
978, 302, 834, 2024-10-20, 90, 5340
979, 62, 677, 2024-04-20, 3, 3383
980, 447, 83, 2024-06-12, 65, 6841
981, 728, 708, 2024-02-23, 43, 4244
982, 535, 398, 2024-06-15, 24, 6622
983, 872, 479, 2024-06-21, 26, 861
984, 932, 146, 2024-11-14, 89, 5362
985, 816, 191, 2024-11-01, 50, 4380
986, 492, 934, 2024-11-06, 51, 9123
987, 799, 396, 2024-01-15, 3, 3072
988, 170, 997, 2024-05-09, 81, 8274
989, 927, 471, 2024-06-03, 34, 436
990, 790, 219, 2024-09-04, 51, 774
991, 429, 980, 2024-05-04, 61, 3669
992, 664, 83, 2024-07-08, 31, 8474
993, 928, 972, 2024-07-15, 96, 9954
994, 513, 971, 2024-07-25, 67, 7213
995, 815, 359, 2024-09-17, 54, 1286
996, 542, 978, 2024-03-24, 34, 5875
997, 418, 616, 2024-05-02, 48, 853
998, 384, 311, 2024-11-17, 40, 1042
999, 109, 956, 2024-06-22, 30, 1918
1000, 597, 924, 2024-08-15, 69, 7609
